id,first_name,last_name,email,gender,ip_address
1,Alecia,Kinnaird,akinnaird0@forbes.com,Polygender,147.143.249.87
2,Mal,Delves,mdelves1@bbc.co.uk,Genderfluid,3.35.194.21
3,Bobbi,Borton,bborton2@telegraph.co.uk,Genderfluid,178.251.162.83
4,Heinrick,Mannering,hmannering3@yale.edu,Agender,105.196.231.87
5,Sheena,Dalrymple,sdalrymple4@pagesperso-orange.fr,Agender,248.232.129.194
6,Hermon,Terrazzo,hterrazzo5@cnet.com,Agender,152.68.107.219
7,Saba,Rosindill,srosindill6@mit.edu,Male,200.22.181.23
8,Kingston,Bains,kbains7@mlb.com,Polygender,24.255.191.73
9,Cordelia,Calcut,ccalcut8@nsw.gov.au,Non-binary,117.180.238.125
10,Saba,Brazil,sbrazil9@admin.ch,Bigender,215.123.141.74
11,Bing,Covell,bcovella@tinypic.com,Male,139.54.42.123
12,Merle,Simeone,msimeoneb@yellowpages.com,Bigender,43.181.99.46
13,Leonanie,Guard,lguardc@fotki.com,Female,235.97.245.110
14,Camile,Stuehmeier,cstuehmeierd@skyrock.com,Non-binary,108.83.146.237
15,Ethe,Blakemore,eblakemoree@patch.com,Genderfluid,115.149.171.76
16,Isa,Krysztofowicz,ikrysztofowiczf@si.edu,Polygender,146.110.131.125
17,Gwyn,Heikkinen,gheikkineng@csmonitor.com,Agender,88.196.55.166
18,Kacy,Crossfield,kcrossfieldh@ocn.ne.jp,Agender,35.58.23.214
19,Fons,Dealtry,fdealtryi@unesco.org,Genderfluid,230.224.131.78
20,Becca,Scare,bscarej@histats.com,Genderqueer,237.195.106.9
21,Maudie,Esbrook,mesbrookk@yelp.com,Bigender,33.163.53.192
22,Corliss,Derle,cderlel@blogspot.com,Genderqueer,72.144.167.71
23,Carlyn,McKeighen,cmckeighenm@aboutads.info,Male,19.55.243.143
24,Mira,Sone,msonen@mapquest.com,Agender,0.178.83.130
25,Maia,Lammerts,mlammertso@zimbio.com,Genderfluid,240.157.48.212
26,Westbrooke,Kitchaside,wkitchasidep@reuters.com,Male,123.81.117.66
27,Nerta,Kestian,nkestianq@delicious.com,Genderqueer,88.30.71.200
28,Uriah,Witherby,uwitherbyr@phpbb.com,Non-binary,110.23.165.126
29,Xavier,Camies,xcamiess@163.com,Polygender,18.13.16.36
30,Charissa,Di Antonio,cdiantoniot@boston.com,Polygender,125.194.210.192
31,Hillary,Saer,hsaeru@wisc.edu,Male,252.202.172.250
32,Arne,Friedman,afriedmanv@plala.or.jp,Non-binary,175.239.80.102
33,Chaunce,Longhi,clonghiw@sfgate.com,Genderfluid,206.229.166.111
34,Padgett,Krale,pkralex@fema.gov,Genderfluid,151.49.205.111
35,Malanie,Masey,mmaseyy@google.de,Agender,16.242.65.127
36,Cal,Vose,cvosez@delicious.com,Bigender,56.158.239.248
37,Clerissa,Bines,cbines10@bloomberg.com,Agender,73.142.81.0
38,Cornie,Caulliere,ccaulliere11@google.nl,Agender,218.230.146.171
39,Orv,Brodie,obrodie12@infoseek.co.jp,Agender,226.251.74.56
40,Genny,Dewick,gdewick13@bizjournals.com,Polygender,153.215.145.49
41,Darnall,Gravey,dgravey14@discovery.com,Genderqueer,215.223.61.69
42,Addy,Keane,akeane15@netlog.com,Polygender,184.116.56.229
43,Carlen,Harkus,charkus16@tinypic.com,Polygender,11.239.52.57
44,Lee,Davidof,ldavidof17@ehow.com,Genderfluid,205.248.153.134
45,Alfreda,Clogg,aclogg18@smh.com.au,Female,83.62.170.4
46,Markus,Osman,mosman19@washingtonpost.com,Bigender,192.123.13.13
47,Elbertina,Cockett,ecockett1a@ifeng.com,Female,62.35.104.176
48,Herbie,McGilvray,hmcgilvray1b@answers.com,Genderfluid,167.21.235.25
49,Lothaire,Cressar,lcressar1c@webs.com,Agender,206.84.216.217
50,Farlie,Sancraft,fsancraft1d@comcast.net,Polygender,62.83.79.229
51,Johna,Boome,jboome1e@github.com,Agender,56.43.96.105
52,Tedda,Arndtsen,tarndtsen1f@wp.com,Female,193.191.95.199
53,Maybelle,Bernardelli,mbernardelli1g@over-blog.com,Bigender,166.99.202.42
54,Courtnay,Pollicatt,cpollicatt1h@forbes.com,Genderfluid,125.204.147.199
55,Daile,Manns,dmanns1i@hhs.gov,Agender,41.134.120.20
56,Dela,Spinetti,dspinetti1j@google.com.hk,Agender,89.48.178.151
57,Lauralee,Armiger,larmiger1k@webmd.com,Genderqueer,7.111.231.113
58,Ulick,Drinkhill,udrinkhill1l@cisco.com,Female,220.15.14.196
59,Marlo,Bergeon,mbergeon1m@reddit.com,Genderfluid,241.208.185.176
60,Elise,Mutter,emutter1n@cloudflare.com,Female,198.196.162.193
61,Garvin,Carthew,gcarthew1o@sina.com.cn,Genderfluid,95.156.180.231
62,Fowler,McClunaghan,fmcclunaghan1p@wiley.com,Non-binary,147.42.98.242
63,Tomi,Gilliard,tgilliard1q@mapquest.com,Polygender,251.114.160.241
64,Mignonne,Briar,mbriar1r@mediafire.com,Non-binary,194.16.172.36
65,Aurthur,MacIlwrick,amacilwrick1s@latimes.com,Male,141.25.216.112
66,Matilde,Eagger,meagger1t@pcworld.com,Genderfluid,111.186.107.66
67,Chaim,Olsson,colsson1u@ow.ly,Non-binary,45.213.81.68
68,Gael,Quilleash,gquilleash1v@wunderground.com,Polygender,36.184.208.223
69,Abba,Methley,amethley1w@naver.com,Male,153.175.9.72
70,Den,Dracey,ddracey1x@alibaba.com,Non-binary,49.217.119.29
71,Corbie,Jesteco,cjesteco1y@army.mil,Bigender,179.226.201.150
72,Ailis,Pfaffel,apfaffel1z@ucsd.edu,Agender,181.234.179.215
73,Yetty,Burdess,yburdess20@bing.com,Agender,242.201.69.168
74,Katrine,Mealand,kmealand21@1688.com,Genderfluid,43.240.158.216
75,Rubie,Biddulph,rbiddulph22@aol.com,Polygender,66.38.6.78
76,Rebekah,MacWhan,rmacwhan23@surveymonkey.com,Bigender,224.122.21.224
77,Mame,Conisbee,mconisbee24@upenn.edu,Non-binary,106.177.204.101
78,Renato,Ryman,rryman25@globo.com,Male,154.231.2.184
79,Martainn,Bonsul,mbonsul26@netvibes.com,Male,0.61.26.30
80,Creigh,Jandac,cjandac27@histats.com,Non-binary,252.62.156.73
81,Waylin,Eacle,weacle28@privacy.gov.au,Female,219.116.38.253
82,Kristi,Artz,kartz29@skyrock.com,Female,2.160.1.33
83,Markos,Allnatt,mallnatt2a@gnu.org,Female,223.200.190.183
84,Alexio,Stoile,astoile2b@dot.gov,Genderfluid,9.148.187.126
85,Robina,Goff,rgoff2c@opensource.org,Male,62.39.131.7
86,Hedi,Gillio,hgillio2d@dailymail.co.uk,Agender,192.97.12.74
87,Jeni,Bemwell,jbemwell2e@multiply.com,Male,254.130.109.213
88,Kimberley,Olczyk,kolczyk2f@kickstarter.com,Bigender,252.188.195.15
89,Saba,Foxley,sfoxley2g@oaic.gov.au,Female,51.2.54.136
90,Freddie,Ballintime,fballintime2h@twitpic.com,Male,148.170.194.215
91,Elwood,McGiff,emcgiff2i@mit.edu,Female,235.28.81.185
92,Kerby,O'Fairy,kofairy2j@constantcontact.com,Non-binary,112.12.88.173
93,Oran,Juares,ojuares2k@thetimes.co.uk,Polygender,102.186.180.150
94,Margarethe,Callard,mcallard2l@businesswire.com,Non-binary,222.199.156.93
95,Brunhilda,Woffenden,bwoffenden2m@ifeng.com,Genderfluid,80.168.83.225
96,Ronald,Berrigan,rberrigan2n@cloudflare.com,Female,143.95.42.37
97,Rich,Pierucci,rpierucci2o@nationalgeographic.com,Bigender,81.157.231.204
98,Cecilio,Cutcliffe,ccutcliffe2p@blogger.com,Male,130.71.87.149
99,Rasla,Del Monte,rdelmonte2q@lycos.com,Female,211.217.26.186
100,Katrine,Eisold,keisold2r@irs.gov,Non-binary,25.91.151.157
101,Correy,Camplen,ccamplen2s@hostgator.com,Genderqueer,194.119.221.187
102,Arda,Gatsby,agatsby2t@newyorker.com,Polygender,9.176.61.149
103,Agretha,Kedie,akedie2u@last.fm,Genderfluid,107.202.66.146
104,Arni,Qualtrough,aqualtrough2v@nifty.com,Non-binary,169.214.92.240
105,Thedric,Havercroft,thavercroft2w@geocities.jp,Male,219.253.87.137
106,Nettie,Hacquard,nhacquard2x@xing.com,Agender,58.13.104.135
107,Justinn,Fosdike,jfosdike2y@psu.edu,Bigender,235.187.88.92
108,Andres,Dowley,adowley2z@biblegateway.com,Bigender,207.115.21.118
109,Garreth,Hamshaw,ghamshaw30@omniture.com,Agender,230.87.140.152
110,Willy,Thebes,wthebes31@dell.com,Male,108.33.26.37
111,Sydelle,Simonot,ssimonot32@sphinn.com,Male,106.70.179.136
112,Jessie,Gossage,jgossage33@taobao.com,Bigender,177.190.116.4
113,Susy,O'Lunney,solunney34@bluehost.com,Genderfluid,101.202.19.127
114,Dirk,Klainer,dklainer35@ask.com,Male,9.193.177.100
115,Bria,Liggons,bliggons36@ed.gov,Genderfluid,244.254.230.22
116,Bette-ann,Driver,bdriver37@dagondesign.com,Female,78.61.153.4
117,Bentley,Eland,beland38@reference.com,Bigender,8.200.233.53
118,Kit,Kerby,kkerby39@hatena.ne.jp,Male,220.231.222.22
119,Minta,Tibalt,mtibalt3a@salon.com,Polygender,61.216.26.19
120,Elwin,Crumbie,ecrumbie3b@woothemes.com,Male,57.204.166.254
121,Russell,Jarmyn,rjarmyn3c@jugem.jp,Non-binary,21.79.96.122
122,Daria,Loakes,dloakes3d@dagondesign.com,Agender,73.221.14.189
123,Allan,Gilfether,agilfether3e@dmoz.org,Female,133.214.21.226
124,Nissy,Eppson,neppson3f@histats.com,Male,38.68.82.75
125,Lotty,Plumb,lplumb3g@cam.ac.uk,Non-binary,58.108.42.30
126,Barbey,Gregol,bgregol3h@telegraph.co.uk,Agender,87.209.54.145
127,Mikol,Vockings,mvockings3i@unicef.org,Female,221.140.10.180
128,Frank,Pfaffe,fpfaffe3j@rediff.com,Male,219.116.109.241
129,Pepito,Pods,ppods3k@webmd.com,Genderfluid,9.222.157.136
130,Wendall,Minihan,wminihan3l@friendfeed.com,Genderfluid,29.41.242.141
131,Gabrila,Bowne,gbowne3m@smh.com.au,Female,103.97.118.158
132,Kai,Crilly,kcrilly3n@tmall.com,Genderfluid,235.86.53.175
133,Aidan,Gounet,agounet3o@twitter.com,Bigender,229.35.214.53
134,Silvie,Bims,sbims3p@time.com,Non-binary,37.131.43.92
135,Leanor,Spincke,lspincke3q@walmart.com,Genderqueer,130.227.140.252
136,Reiko,Humby,rhumby3r@unc.edu,Male,86.132.43.73
137,Karina,Cluely,kcluely3s@ovh.net,Male,116.78.37.236
138,Claudine,Spada,cspada3t@who.int,Male,149.108.55.102
139,Anatola,Flury,aflury3u@yolasite.com,Genderqueer,58.27.108.0
140,Bridgette,Hachette,bhachette3v@slashdot.org,Non-binary,86.73.101.189
141,Lombard,Cuppitt,lcuppitt3w@cnn.com,Non-binary,157.4.102.144
142,Akim,Peirazzi,apeirazzi3x@technorati.com,Male,10.37.15.180
143,Olympia,Bohin,obohin3y@java.com,Male,13.78.12.143
144,Imogen,Kubala,ikubala3z@feedburner.com,Bigender,57.206.55.108
145,Alicia,Sammut,asammut40@answers.com,Female,137.143.88.1
146,Dasya,York,dyork41@berkeley.edu,Bigender,209.91.239.129
147,Emmery,Hanster,ehanster42@quantcast.com,Bigender,155.16.224.229
148,Letty,Iremonger,liremonger43@posterous.com,Female,206.144.227.31
149,Meghann,Mollett,mmollett44@google.co.jp,Female,1.56.67.214
150,Maury,McKilroe,mmckilroe45@businessinsider.com,Male,218.17.127.206
151,Nicol,Currao,ncurrao46@google.pl,Non-binary,123.81.131.221
152,Drona,Scading,dscading47@skype.com,Female,246.66.135.200
153,Kelvin,Govern,kgovern48@boston.com,Polygender,214.53.38.192
154,Mallory,Palmer,mpalmer49@github.com,Polygender,171.142.31.38
155,Kassia,Strick,kstrick4a@webs.com,Female,106.156.206.211
156,Thom,Geering,tgeering4b@wikimedia.org,Agender,42.249.4.16
157,Dall,Aymeric,daymeric4c@ft.com,Polygender,83.112.183.62
158,Dolorita,Shelsher,dshelsher4d@reddit.com,Male,64.14.63.39
159,Judon,Alekhov,jalekhov4e@mac.com,Polygender,248.124.103.231
160,Dareen,Skelhorn,dskelhorn4f@altervista.org,Male,192.137.23.194
161,Zared,Daly,zdaly4g@smh.com.au,Non-binary,139.122.127.141
162,Janey,Santora,jsantora4h@harvard.edu,Genderfluid,139.225.125.176
163,Padraic,Gibbe,pgibbe4i@amazon.com,Genderfluid,43.192.154.162
164,Dukie,Grisedale,dgrisedale4j@ihg.com,Agender,205.18.195.194
165,Douglass,Salkild,dsalkild4k@devhub.com,Genderfluid,102.68.49.5
166,Whitaker,Vynall,wvynall4l@plala.or.jp,Female,239.169.219.116
167,Magdalena,Muehle,mmuehle4m@twitpic.com,Non-binary,216.48.150.65
168,Rogers,Beddall,rbeddall4n@dagondesign.com,Agender,170.10.143.134
169,Cordula,Gilchriest,cgilchriest4o@indiatimes.com,Male,7.192.113.8
170,Terencio,Moss,tmoss4p@businesswire.com,Bigender,228.215.65.228
171,Ade,Bauchop,abauchop4q@imdb.com,Agender,51.248.50.206
172,Clari,Lafrentz,clafrentz4r@ibm.com,Female,41.23.58.255
173,Ingeborg,Jolliman,ijolliman4s@gravatar.com,Non-binary,119.182.244.112
174,Haily,Wankel,hwankel4t@google.com,Female,255.148.129.172
175,Nicola,Erett,nerett4u@nyu.edu,Male,27.8.87.72
176,Margaux,Kenwood,mkenwood4v@facebook.com,Female,234.103.154.33
177,Lanette,Fortescue,lfortescue4w@csmonitor.com,Bigender,222.139.29.125
178,Harlan,Crame,hcrame4x@senate.gov,Genderfluid,144.146.162.139
179,Wallie,Rubke,wrubke4y@sphinn.com,Male,247.217.243.29
180,Lambert,Downgate,ldowngate4z@prweb.com,Bigender,174.66.232.251
181,Odelle,Wiburn,owiburn50@istockphoto.com,Agender,173.48.126.167
182,Gavrielle,Pearn,gpearn51@si.edu,Male,246.198.147.242
183,Adelheid,Towey,atowey52@g.co,Genderqueer,58.3.241.138
184,Cristobal,Pragnall,cpragnall53@hp.com,Genderfluid,32.113.223.214
185,Cad,MacCawley,cmaccawley54@shareasale.com,Genderfluid,23.103.254.185
186,Magdalena,Miguel,mmiguel55@time.com,Polygender,143.244.234.203
187,Glyn,Josefs,gjosefs56@istockphoto.com,Genderfluid,87.194.36.34
188,Wes,Shackesby,wshackesby57@twitter.com,Genderfluid,211.74.25.92
189,Carly,Stuchbury,cstuchbury58@tuttocitta.it,Non-binary,216.170.191.189
190,Aurore,Waylett,awaylett59@noaa.gov,Genderfluid,12.125.69.239
191,Pavel,Iacovelli,piacovelli5a@prnewswire.com,Male,216.101.3.150
192,Halsy,Scare,hscare5b@mozilla.com,Genderfluid,46.78.95.194
193,Ag,Maplethorpe,amaplethorpe5c@topsy.com,Male,49.84.111.115
194,Stesha,Nesbeth,snesbeth5d@arstechnica.com,Agender,200.130.203.203
195,Perrine,Lamke,plamke5e@ca.gov,Bigender,107.22.121.231
196,Quinn,Brookbank,qbrookbank5f@netscape.com,Agender,166.168.223.68
197,Maurice,Tavernor,mtavernor5g@hugedomains.com,Polygender,192.110.212.154
198,Myca,Francesconi,mfrancesconi5h@indiegogo.com,Bigender,202.117.67.65
199,Maurine,Ladson,mladson5i@weibo.com,Polygender,111.44.225.69
200,Tim,Antonazzi,tantonazzi5j@chicagotribune.com,Female,41.132.157.230
201,Vernen,Hammerstone,vhammerstone5k@amazon.com,Agender,227.216.152.63
202,Buddie,Tonkin,btonkin5l@dagondesign.com,Male,214.180.154.32
203,Antonin,Folomin,afolomin5m@fotki.com,Male,95.92.116.212
204,Diena,Deaton,ddeaton5n@webnode.com,Genderfluid,215.58.134.13
205,Loren,Ca,lca5o@engadget.com,Bigender,29.223.6.99
206,Jobi,Gerwood,jgerwood5p@msu.edu,Female,251.140.112.252
207,Care,MacMenamin,cmacmenamin5q@hatena.ne.jp,Non-binary,76.118.50.159
208,Ivan,Vittet,ivittet5r@hugedomains.com,Female,158.71.191.65
209,Laurel,Hoggin,lhoggin5s@yelp.com,Female,146.100.251.236
210,Olia,Kemetz,okemetz5t@imageshack.us,Genderfluid,100.231.139.133
211,Leontyne,MacElane,lmacelane5u@booking.com,Agender,51.211.209.3
212,Christy,Paddefield,cpaddefield5v@ehow.com,Polygender,232.61.211.116
213,Lincoln,de Juares,ldejuares5w@go.com,Polygender,228.157.128.114
214,Taber,Smyth,tsmyth5x@nhs.uk,Female,14.12.157.91
215,Tremain,Woliter,twoliter5y@1und1.de,Genderqueer,88.140.202.195
216,Crysta,Kilian,ckilian5z@networksolutions.com,Female,164.19.197.214
217,Lexy,Bidnall,lbidnall60@privacy.gov.au,Male,18.34.15.87
218,Jayson,Maharey,jmaharey61@jigsy.com,Genderfluid,152.62.51.23
219,Georgianne,Pampling,gpampling62@geocities.jp,Agender,67.182.221.240
220,Dario,Pitcock,dpitcock63@forbes.com,Genderqueer,167.221.233.97
221,Meg,Bouskill,mbouskill64@acquirethisname.com,Genderqueer,219.196.87.148
222,Olympe,Frary,ofrary65@google.nl,Polygender,153.204.103.72
223,Dacia,Chevin,dchevin66@sciencedaily.com,Male,226.221.137.138
224,Vidovik,Lorriman,vlorriman67@ft.com,Genderqueer,35.189.118.159
225,Bradford,Sawdon,bsawdon68@usatoday.com,Female,147.161.183.211
226,Consuela,Mustill,cmustill69@homestead.com,Male,167.253.212.94
227,Pedro,Corsar,pcorsar6a@boston.com,Polygender,13.120.203.235
228,Bess,Bilverstone,bbilverstone6b@biblegateway.com,Agender,40.76.13.63
229,Abbe,Fausch,afausch6c@eepurl.com,Agender,253.21.218.57
230,Nicola,Fessler,nfessler6d@t.co,Genderqueer,162.254.18.164
231,Noland,Muge,nmuge6e@google.com.au,Female,30.241.186.45
232,Gillie,Humphries,ghumphries6f@shutterfly.com,Genderfluid,54.225.202.39
233,Amitie,Bourgeois,abourgeois6g@answers.com,Female,4.126.24.131
234,Harvey,O'Neary,honeary6h@hibu.com,Male,79.35.58.234
235,Windy,Rudolph,wrudolph6i@upenn.edu,Genderqueer,204.3.53.139
236,Ancell,Birrel,abirrel6j@posterous.com,Polygender,196.65.19.115
237,Madeleine,Prozescky,mprozescky6k@dyndns.org,Bigender,173.161.138.250
238,Aube,Heggs,aheggs6l@examiner.com,Agender,199.3.94.36
239,Olva,Puttock,oputtock6m@rediff.com,Non-binary,140.150.62.167
240,Zoe,Bodimeade,zbodimeade6n@examiner.com,Bigender,76.88.181.165
241,Valery,Grealey,vgrealey6o@yahoo.co.jp,Polygender,143.195.25.48
242,Sasha,Mea,smea6p@t-online.de,Non-binary,244.92.83.59
243,Cortney,Beernaert,cbeernaert6q@google.nl,Non-binary,196.223.234.84
244,Georas,Camplejohn,gcamplejohn6r@cmu.edu,Female,220.243.24.252
245,Hewe,Dougill,hdougill6s@google.ru,Non-binary,253.247.138.14
246,Bent,Kliemke,bkliemke6t@hhs.gov,Agender,124.101.36.154
247,Kimberly,Pellant,kpellant6u@instagram.com,Female,240.99.182.91
248,Zita,Benger,zbenger6v@printfriendly.com,Genderqueer,96.178.159.211
249,Vernen,McBean,vmcbean6w@over-blog.com,Bigender,57.15.33.110
250,Renata,d'Escoffier,rdescoffier6x@arstechnica.com,Male,200.115.1.211
251,Florri,Robun,frobun6y@virginia.edu,Genderfluid,184.145.252.250
252,Holt,Dessant,hdessant6z@sphinn.com,Genderfluid,145.164.88.193
253,Gilemette,Cordery,gcordery70@infoseek.co.jp,Male,12.186.3.176
254,Gypsy,Grave,ggrave71@timesonline.co.uk,Genderqueer,105.14.41.240
255,Jacklin,Grissett,jgrissett72@cbslocal.com,Non-binary,108.162.37.111
256,Everard,Kernan,ekernan73@nature.com,Non-binary,197.204.118.231
257,Des,Lathy,dlathy74@diigo.com,Female,224.67.161.117
258,Illa,Pretsell,ipretsell75@virginia.edu,Female,191.13.109.216
259,Rebeca,Musker,rmusker76@amazon.co.jp,Female,247.204.47.14
260,Brewer,Bartleet,bbartleet77@linkedin.com,Genderqueer,194.95.13.4
261,Jorrie,Chedzoy,jchedzoy78@gmpg.org,Non-binary,13.22.56.205
262,Padraig,Limeburn,plimeburn79@hibu.com,Genderfluid,255.249.99.90
263,Kliment,Peasegood,kpeasegood7a@prlog.org,Non-binary,132.251.55.102
264,Leroi,Iacofo,liacofo7b@t-online.de,Female,250.104.156.129
265,Robinia,Pattini,rpattini7c@digg.com,Non-binary,96.41.148.241
266,Quentin,Kivlehan,qkivlehan7d@redcross.org,Agender,136.0.253.74
267,Erda,Denyukhin,edenyukhin7e@apple.com,Non-binary,1.81.187.79
268,Peta,Tollady,ptollady7f@apache.org,Polygender,61.201.119.152
269,Lynnette,MacKartan,lmackartan7g@sphinn.com,Non-binary,211.126.181.88
270,Reube,Pethrick,rpethrick7h@freewebs.com,Genderfluid,84.161.245.131
271,Farlay,Turford,fturford7i@mapquest.com,Genderfluid,173.134.115.129
272,Justin,Juggings,jjuggings7j@acquirethisname.com,Male,96.140.127.158
273,Norry,Roubottom,nroubottom7k@dropbox.com,Polygender,137.190.18.163
274,Alice,Cooley,acooley7l@paypal.com,Genderfluid,132.84.246.26
275,Dwight,Wanden,dwanden7m@artisteer.com,Non-binary,135.142.145.26
276,Bernardina,Luchetti,bluchetti7n@aol.com,Agender,221.240.70.52
277,Amelina,Reeme,areeme7o@washington.edu,Genderfluid,196.56.169.34
278,Leupold,Giannazzo,lgiannazzo7p@tinypic.com,Male,68.31.202.20
279,Haze,Clinning,hclinning7q@china.com.cn,Non-binary,215.173.240.115
280,Chandal,Borg-Bartolo,cborgbartolo7r@wsj.com,Polygender,145.187.183.239
281,Aurora,Moneypenny,amoneypenny7s@twitpic.com,Genderfluid,165.25.66.150
282,Loella,Hugli,lhugli7t@zdnet.com,Female,19.108.154.232
283,Francoise,Farquharson,ffarquharson7u@smh.com.au,Bigender,241.182.194.64
284,Jaymie,Playfoot,jplayfoot7v@noaa.gov,Female,89.160.226.41
285,Mandy,Cunde,mcunde7w@csmonitor.com,Female,201.84.59.113
286,Zola,Drinkhall,zdrinkhall7x@about.me,Bigender,199.82.101.110
287,Shaine,Kinny,skinny7y@va.gov,Bigender,169.8.78.206
288,Harrietta,Baldacco,hbaldacco7z@zdnet.com,Female,238.225.221.202
289,Nickolai,Kennedy,nkennedy80@usda.gov,Genderfluid,198.32.4.7
290,Antonino,Hargitt,ahargitt81@springer.com,Male,154.76.224.205
291,Adora,Etuck,aetuck82@t.co,Male,48.45.36.197
292,Adrianne,Hagerty,ahagerty83@nbcnews.com,Bigender,0.114.75.241
293,Emogene,Biset,ebiset84@cmu.edu,Male,168.224.94.15
294,Scottie,Troutbeck,stroutbeck85@fastcompany.com,Genderqueer,143.221.3.83
295,Karlotte,Patifield,kpatifield86@mail.ru,Genderqueer,184.164.246.54
296,Lennard,Weatherell,lweatherell87@phpbb.com,Bigender,0.94.108.11
297,Gabrielle,Stegel,gstegel88@com.com,Agender,107.151.78.157
298,Judd,Ridings,jridings89@stanford.edu,Non-binary,225.253.174.162
299,Brook,D'Onisi,bdonisi8a@elpais.com,Polygender,63.144.206.7
300,Betteanne,Reece,breece8b@scientificamerican.com,Genderfluid,143.248.94.43
301,Diann,Bolderstone,dbolderstone8c@upenn.edu,Male,224.48.111.114
302,Celina,Solan,csolan8d@house.gov,Genderqueer,252.89.23.232
303,Cale,Kane,ckane8e@ameblo.jp,Female,155.119.79.154
304,Gerhard,Langthorne,glangthorne8f@microsoft.com,Male,8.70.184.185
305,Lorinda,Woodvine,lwoodvine8g@friendfeed.com,Genderqueer,33.77.140.46
306,Lammond,Gothliff,lgothliff8h@feedburner.com,Male,99.238.244.240
307,Agretha,Rulten,arulten8i@google.co.jp,Bigender,126.226.170.225
308,Olivie,Portigall,oportigall8j@cnn.com,Polygender,211.129.89.77
309,Bentley,Budcock,bbudcock8k@printfriendly.com,Genderqueer,111.216.220.150
310,Christophorus,Larwell,clarwell8l@mapy.cz,Bigender,96.121.145.151
311,Stillmann,Cockrell,scockrell8m@discuz.net,Genderfluid,181.99.19.246
312,Tiphany,MacCleod,tmaccleod8n@oaic.gov.au,Male,151.188.145.66
313,Stacy,Lampkin,slampkin8o@cnn.com,Male,145.247.126.184
314,Corbin,Habbert,chabbert8p@stumbleupon.com,Polygender,106.241.234.144
315,Cathryn,Dayer,cdayer8q@nhs.uk,Polygender,57.117.72.121
316,Stevana,Gosswell,sgosswell8r@blog.com,Female,93.135.30.98
317,Adena,Epelett,aepelett8s@tiny.cc,Non-binary,65.40.65.75
318,Geordie,Gegay,ggegay8t@flickr.com,Agender,216.21.125.144
319,Marybelle,Mose,mmose8u@nasa.gov,Non-binary,120.78.182.148
320,Clark,Grayham,cgrayham8v@last.fm,Genderqueer,150.115.126.177
321,Michaela,Beecker,mbeecker8w@desdev.cn,Genderqueer,41.218.6.20
322,Diann,Cockerill,dcockerill8x@cnn.com,Genderqueer,205.248.226.126
323,Chantalle,Rawcliff,crawcliff8y@arstechnica.com,Polygender,33.89.89.209
324,Fairfax,Tarry,ftarry8z@altervista.org,Genderfluid,45.39.108.247
325,Nerissa,Burkitt,nburkitt90@webs.com,Genderqueer,87.139.73.119
326,Will,Drewery,wdrewery91@yolasite.com,Genderqueer,102.38.106.103
327,Bruis,Ogborne,bogborne92@narod.ru,Polygender,72.102.50.132
328,Raul,Broxap,rbroxap93@nhs.uk,Non-binary,185.24.242.122
329,Lucita,Dakin,ldakin94@123-reg.co.uk,Non-binary,203.229.154.21
330,Margi,Parslow,mparslow95@github.io,Genderqueer,20.62.10.21
331,Adrian,Maypowder,amaypowder96@cdc.gov,Male,244.165.101.42
332,Mirilla,Andreaccio,mandreaccio97@noaa.gov,Genderfluid,145.124.56.85
333,Karalee,Gatecliff,kgatecliff98@amazon.com,Bigender,24.27.127.43
334,Bruce,Elham,belham99@unblog.fr,Male,211.177.163.16
335,Nil,Liddall,nliddall9a@scientificamerican.com,Male,240.224.175.151
336,Konstance,Groocock,kgroocock9b@foxnews.com,Female,101.138.203.98
337,Colver,Huntley,chuntley9c@redcross.org,Genderfluid,29.216.87.53
338,Olivier,Girth,ogirth9d@yellowpages.com,Genderqueer,38.142.33.204
339,Janelle,Duffill,jduffill9e@google.cn,Genderfluid,42.132.182.1
340,Milli,MacKellen,mmackellen9f@comsenz.com,Polygender,213.99.173.137
341,Carl,Jiroudek,cjiroudek9g@ehow.com,Agender,171.103.249.135
342,Colby,Kobelt,ckobelt9h@unicef.org,Bigender,234.106.225.198
343,Evin,Borer,eborer9i@comcast.net,Genderqueer,199.45.208.153
344,Ransom,Allday,rallday9j@soup.io,Polygender,211.231.110.77
345,Betta,Tollfree,btollfree9k@macromedia.com,Polygender,9.22.26.186
346,Jakob,Ties,jties9l@addthis.com,Non-binary,240.43.225.151
347,Lois,Crumbie,lcrumbie9m@ehow.com,Polygender,53.2.52.185
348,Merrill,Kikke,mkikke9n@ihg.com,Bigender,155.244.18.123
349,Annmarie,Trodden,atrodden9o@over-blog.com,Non-binary,162.74.90.206
350,Derril,Bilovus,dbilovus9p@linkedin.com,Polygender,140.116.128.225
351,Claudelle,Garmston,cgarmston9q@privacy.gov.au,Male,138.239.247.33
352,Bea,Filasov,bfilasov9r@behance.net,Non-binary,171.45.74.27
353,Vicky,Gullam,vgullam9s@google.com.au,Non-binary,108.100.21.211
354,Morganne,McIlvenny,mmcilvenny9t@noaa.gov,Bigender,213.191.167.158
355,Kelsey,Stolle,kstolle9u@comsenz.com,Female,154.173.17.175
356,Catina,McDyer,cmcdyer9v@amazon.de,Bigender,148.43.242.226
357,Zoe,Skeene,zskeene9w@mapy.cz,Genderfluid,212.49.33.82
358,Cassi,Westley,cwestley9x@biglobe.ne.jp,Male,84.105.236.89
359,Clemmie,Gebbe,cgebbe9y@nifty.com,Female,245.96.41.8
360,Leslie,Finkle,lfinkle9z@google.co.uk,Genderfluid,126.197.36.194
361,Ax,Rudwell,arudwella0@google.it,Bigender,108.17.163.63
362,Tessa,Micklem,tmicklema1@whitehouse.gov,Female,30.225.225.85
363,Jocelyn,Kennon,jkennona2@istockphoto.com,Male,186.206.146.130
364,Ivory,Spyer,ispyera3@aboutads.info,Polygender,123.194.158.81
365,Harmonie,Halfhide,hhalfhidea4@japanpost.jp,Female,147.35.188.75
366,Martha,Diable,mdiablea5@google.es,Genderqueer,159.81.248.74
367,Mei,Paine,mpainea6@paginegialle.it,Agender,230.237.254.12
368,Leonidas,Girauld,lgiraulda7@t.co,Male,10.47.112.122
369,Phillipe,Kittiman,pkittimana8@spiegel.de,Non-binary,79.27.144.31
370,Janessa,Oxe,joxea9@uiuc.edu,Genderqueer,135.169.6.71
371,Antonino,Corran,acorranaa@tmall.com,Female,237.53.192.164
372,Cletis,Brick,cbrickab@un.org,Male,32.95.172.213
373,Jarret,Greenless,jgreenlessac@timesonline.co.uk,Polygender,110.70.69.155
374,Laura,Limeburn,llimeburnad@soundcloud.com,Female,41.142.65.182
375,Joletta,Bartosek,jbartosekae@addtoany.com,Polygender,235.252.218.133
376,Alejandra,Sofe,asofeaf@taobao.com,Female,131.194.93.243
377,Friedrick,Castelow,fcastelowag@blogspot.com,Male,119.158.71.78
378,Rochester,Jurisch,rjurischah@arstechnica.com,Agender,6.183.94.230
379,Carlo,Glaum,cglaumai@japanpost.jp,Bigender,81.170.138.113
380,Catina,Besant,cbesantaj@google.com,Genderqueer,199.19.152.6
381,Dori,Osan,dosanak@archive.org,Male,73.102.90.79
382,Carey,Mushett,cmushettal@scientificamerican.com,Genderfluid,164.241.140.62
383,Liz,Ruff,lruffam@blinklist.com,Genderfluid,5.37.252.113
384,Melisande,Tadd,mtaddan@cnn.com,Agender,160.16.104.145
385,Esmeralda,Denk,edenkao@berkeley.edu,Non-binary,154.219.31.124
386,Trefor,Donneely,tdonneelyap@edublogs.org,Genderfluid,60.217.104.151
387,Lyndsey,Purdy,lpurdyaq@narod.ru,Bigender,157.78.105.95
388,Farah,Goldspink,fgoldspinkar@usgs.gov,Genderfluid,116.193.210.219
389,Burtie,Vasiliev,bvasilievas@dailymail.co.uk,Bigender,99.87.44.141
390,Sam,Jozef,sjozefat@jimdo.com,Agender,166.255.243.150
391,Rosalia,Gaffey,rgaffeyau@opensource.org,Polygender,0.59.65.119
392,Erny,Scare,escareav@posterous.com,Male,5.102.116.202
393,Ernestine,Scurr,escurraw@hatena.ne.jp,Non-binary,108.120.179.37
394,Hamel,Crump,hcrumpax@odnoklassniki.ru,Polygender,36.133.46.34
395,Amanda,Stoving,astovingay@ebay.com,Female,21.43.217.28
396,Faun,Richten,frichtenaz@slashdot.org,Genderqueer,36.39.137.138
397,Barri,Follis,bfollisb0@quantcast.com,Genderfluid,92.105.121.251
398,Mala,McCaighey,mmccaigheyb1@telegraph.co.uk,Genderfluid,153.14.54.100
399,Delilah,Cords,dcordsb2@elegantthemes.com,Male,140.179.105.56
400,Lind,Husher,lhusherb3@squarespace.com,Non-binary,210.253.36.41
401,Bentlee,Oddey,boddeyb4@home.pl,Bigender,89.157.176.136
402,Zollie,Brigman,zbrigmanb5@usgs.gov,Female,28.55.17.68
403,Garvey,Gehrels,ggehrelsb6@blogs.com,Genderqueer,229.141.218.214
404,Frank,Lutty,fluttyb7@com.com,Genderfluid,75.28.152.136
405,Alidia,Strongitharm,astrongitharmb8@imageshack.us,Bigender,231.25.160.252
406,Pen,Rubenczyk,prubenczykb9@last.fm,Female,73.103.250.63
407,Falkner,Sellars,fsellarsba@angelfire.com,Genderqueer,116.123.215.243
408,Betteann,Earp,bearpbb@redcross.org,Female,234.50.197.254
409,Lorene,Sawnwy,lsawnwybc@wisc.edu,Genderqueer,187.141.155.67
410,Sidonia,Lackham,slackhambd@1688.com,Female,154.22.13.55
411,Stacy,Juett,sjuettbe@csmonitor.com,Female,80.156.194.111
412,Alfi,Middlehurst,amiddlehurstbf@adobe.com,Bigender,199.58.252.240
413,Nadeen,Gleder,nglederbg@blog.com,Non-binary,140.24.143.115
414,Chester,Taffee,ctaffeebh@msn.com,Agender,31.85.253.3
415,Anne,Brogan,abroganbi@fotki.com,Polygender,102.99.22.200
416,Bronny,Jacobsz,bjacobszbj@weibo.com,Genderfluid,82.176.184.37
417,Harvey,Feehan,hfeehanbk@nba.com,Female,81.169.0.164
418,Desirae,Wallworth,dwallworthbl@facebook.com,Female,129.73.145.169
419,Farah,Alastair,falastairbm@bbc.co.uk,Bigender,217.51.23.194
420,Kane,Pickrell,kpickrellbn@oakley.com,Non-binary,135.184.255.249
421,Gilli,Reeman,greemanbo@ca.gov,Non-binary,137.195.117.60
422,Sandy,Duce,sducebp@bbb.org,Non-binary,39.65.112.196
423,Nevile,Noe,nnoebq@furl.net,Female,228.129.81.185
424,Neel,Legging,nleggingbr@squarespace.com,Male,65.232.98.1
425,Angel,De Pero,adeperobs@furl.net,Male,110.131.232.1
426,Zandra,Knightsbridge,zknightsbridgebt@ifeng.com,Genderqueer,169.159.10.93
427,Hattie,Jumont,hjumontbu@example.com,Genderfluid,98.248.51.48
428,Joshua,Broadbury,jbroadburybv@tinyurl.com,Bigender,167.84.10.192
429,Reeba,Prestney,rprestneybw@creativecommons.org,Bigender,224.129.29.178
430,Ernaline,Cassel,ecasselbx@census.gov,Polygender,60.21.33.169
431,Jozef,Pappi,jpappiby@goo.gl,Genderqueer,230.239.231.141
432,Blancha,Carbert,bcarbertbz@chronoengine.com,Non-binary,146.201.125.12
433,Xerxes,Hallagan,xhallaganc0@scribd.com,Polygender,215.185.97.212
434,Tootsie,Osmar,tosmarc1@si.edu,Male,107.251.152.186
435,Angelo,Montfort,amontfortc2@narod.ru,Bigender,51.223.109.180
436,Brenda,Bartoletti,bbartolettic3@istockphoto.com,Male,238.122.41.157
437,Esmeralda,Avrahamof,eavrahamofc4@photobucket.com,Bigender,44.95.123.54
438,Darcie,Snar,dsnarc5@howstuffworks.com,Genderqueer,145.208.176.73
439,Normand,Lorriman,nlorrimanc6@bloomberg.com,Polygender,81.103.116.64
440,Ryun,Harmar,rharmarc7@archive.org,Non-binary,6.186.58.51
441,Shel,Dugget,sduggetc8@hao123.com,Male,154.188.216.1
442,Maryjo,Arnaud,marnaudc9@yellowbook.com,Genderfluid,145.94.191.55
443,Marco,Korneichik,mkorneichikca@cpanel.net,Bigender,225.120.181.18
444,Gloria,Keele,gkeelecb@ebay.co.uk,Genderqueer,209.65.235.12
445,Anitra,MacDearmid,amacdearmidcc@gizmodo.com,Agender,50.227.11.90
446,Osborn,McFadden,omcfaddencd@wordpress.org,Bigender,92.199.77.205
447,Yolanthe,Peasegood,ypeasegoodce@webs.com,Polygender,113.117.69.118
448,Rusty,Paviour,rpaviourcf@businessweek.com,Genderfluid,79.116.136.86
449,Parnell,Woodison,pwoodisoncg@cam.ac.uk,Polygender,206.55.188.17
450,Enrika,Haldane,ehaldanech@prlog.org,Polygender,60.134.160.150
451,Bevon,Clowton,bclowtonci@clickbank.net,Female,168.120.156.239
452,Danya,Billsberry,dbillsberrycj@washingtonpost.com,Genderqueer,83.26.215.201
453,Shanna,Glennard,sglennardck@netscape.com,Non-binary,135.17.114.92
454,Phyllys,Confort,pconfortcl@ow.ly,Genderfluid,118.131.119.221
455,Dukey,Moseley,dmoseleycm@seattletimes.com,Non-binary,187.44.130.144
456,Ax,Stable,astablecn@google.com.au,Male,229.248.87.238
457,Cobby,Bedding,cbeddingco@chron.com,Bigender,187.5.188.211
458,Frances,Cunnell,fcunnellcp@uol.com.br,Agender,93.154.164.189
459,Maribeth,Shotboulte,mshotboultecq@cbsnews.com,Genderqueer,62.200.167.47
460,Kirbee,Toulamain,ktoulamaincr@skype.com,Genderqueer,126.89.210.186
461,Quentin,Reinisch,qreinischcs@fotki.com,Non-binary,158.131.249.110
462,Pennie,Cundy,pcundyct@smh.com.au,Genderfluid,30.108.28.195
463,Ali,Birtles,abirtlescu@yolasite.com,Female,53.69.64.74
464,Lucille,Pirt,lpirtcv@nature.com,Polygender,81.76.31.225
465,Curtice,Yemm,cyemmcw@github.com,Genderfluid,67.230.227.189
466,Binny,Horburgh,bhorburghcx@goo.ne.jp,Male,45.23.252.81
467,Vassily,Paulitschke,vpaulitschkecy@pcworld.com,Polygender,225.220.65.97
468,Mareah,Ivanishin,mivanishincz@digg.com,Genderqueer,35.141.23.237
469,Deanna,Olivet,dolivetd0@fotki.com,Female,42.60.195.113
470,Cortie,McNulty,cmcnultyd1@slideshare.net,Polygender,60.225.31.192
471,Dillie,Surmeyers,dsurmeyersd2@eventbrite.com,Non-binary,126.22.12.245
472,Sally,Oxlade,soxladed3@chronoengine.com,Polygender,236.243.93.200
473,Demetris,Darrigoe,ddarrigoed4@drupal.org,Genderfluid,28.247.233.129
474,Curcio,Lukianov,clukianovd5@hp.com,Bigender,0.3.145.32
475,Cora,Carless,ccarlessd6@cafepress.com,Male,220.197.26.248
476,Diann,Loveland,dlovelandd7@state.gov,Agender,118.238.83.83
477,Rogers,Richten,rrichtend8@biglobe.ne.jp,Male,5.139.137.118
478,Isidoro,MacMenamy,imacmenamyd9@cbsnews.com,Female,209.17.43.144
479,Amos,Macknish,amacknishda@wikimedia.org,Male,171.130.246.103
480,Camila,Carillo,ccarillodb@oracle.com,Agender,238.187.118.232
481,Hadley,Keeler,hkeelerdc@cam.ac.uk,Genderqueer,217.18.32.25
482,Ogden,Veelers,oveelersdd@usnews.com,Genderfluid,134.127.146.88
483,Malynda,McSparran,mmcsparrande@weibo.com,Genderfluid,247.199.227.28
484,Levy,Pothergill,lpothergilldf@soundcloud.com,Male,169.45.152.73
485,Friedrich,Salman,fsalmandg@statcounter.com,Agender,138.2.41.172
486,Chase,Kemetz,ckemetzdh@buzzfeed.com,Genderqueer,88.249.26.106
487,Janean,Garfitt,jgarfittdi@unicef.org,Bigender,224.184.230.21
488,Der,Narraway,dnarrawaydj@ihg.com,Non-binary,17.225.179.25
489,Pace,Tiley,ptileydk@cafepress.com,Male,69.172.195.245
490,Letta,Baignard,lbaignarddl@wikimedia.org,Agender,225.133.3.56
491,Francois,Grewer,fgrewerdm@state.gov,Female,220.153.230.170
492,Morty,Hosby,mhosbydn@ft.com,Polygender,227.227.12.198
493,Alick,Eyden,aeydendo@bandcamp.com,Non-binary,164.40.62.222
494,Myrwyn,Batts,mbattsdp@vimeo.com,Male,53.124.27.125
495,Benjie,Conner,bconnerdq@plala.or.jp,Agender,65.94.12.23
496,Tally,Coll,tcolldr@geocities.jp,Genderqueer,54.204.252.142
497,Emilio,Burnhard,eburnhardds@google.de,Bigender,154.54.78.155
498,Brinn,Duny,bdunydt@archive.org,Male,241.151.167.131
499,Kellina,Ewin,kewindu@psu.edu,Male,35.84.217.245
500,Jacklyn,Stillman,jstillmandv@moonfruit.com,Genderfluid,151.140.234.225
501,Ansell,Laughnan,alaughnandw@psu.edu,Genderfluid,165.71.10.125
502,Gipsy,McCart,gmccartdx@chronoengine.com,Polygender,92.21.225.134
503,Charlton,Boyen,cboyendy@salon.com,Genderqueer,220.123.232.224
504,Myron,Salazar,msalazardz@pinterest.com,Polygender,224.157.48.245
505,Lester,Fills,lfillse0@multiply.com,Agender,142.11.204.253
506,Odilia,Fulk,ofulke1@google.es,Male,20.89.116.209
507,Rodd,Linscott,rlinscotte2@ox.ac.uk,Genderqueer,161.124.131.85
508,Silvio,Harms,sharmse3@globo.com,Male,160.189.118.144
509,Fitzgerald,Ottawell,fottawelle4@mozilla.com,Polygender,126.128.175.190
510,Bartlett,Feely,bfeelye5@yellowbook.com,Male,84.50.194.124
511,Rodge,Saffer,rsaffere6@amazon.de,Bigender,140.159.81.251
512,Wallis,Dannell,wdannelle7@mozilla.org,Agender,37.139.156.11
513,Elberta,Tomczykiewicz,etomczykiewicze8@springer.com,Bigender,162.1.99.207
514,Olva,Twidell,otwidelle9@yale.edu,Polygender,241.227.67.121
515,Tine,Fadell,tfadellea@shareasale.com,Genderfluid,217.204.164.252
516,Hernando,Armand,harmandeb@google.fr,Male,195.210.250.112
517,Hailee,Horry,hhorryec@mac.com,Polygender,123.84.178.225
518,Pacorro,Andrichak,pandrichaked@state.gov,Female,66.237.140.60
519,Merrill,Philot,mphilotee@wikipedia.org,Polygender,66.150.178.240
520,Bald,Housam,bhousamef@instagram.com,Agender,137.200.114.67
521,Callie,Commings,ccommingseg@baidu.com,Female,212.208.19.137
522,Jaime,Twyford,jtwyfordeh@nature.com,Bigender,37.61.235.33
523,Salmon,Lambis,slambisei@shareasale.com,Genderfluid,205.169.118.206
524,Clara,Peacocke,cpeacockeej@time.com,Genderfluid,246.122.153.148
525,Paulo,Sparks,psparksek@youtu.be,Non-binary,33.206.62.243
526,Jacqueline,Halms,jhalmsel@exblog.jp,Male,153.71.147.242
527,Vasily,Erwin,verwinem@1688.com,Non-binary,184.67.200.127
528,Gracia,Manach,gmanachen@twitpic.com,Non-binary,140.158.239.247
529,Farrand,Fillery,ffilleryeo@ucoz.ru,Polygender,188.30.22.29
530,Kaspar,Coleshill,kcoleshillep@163.com,Male,189.210.86.142
531,Alphonse,Sambiedge,asambiedgeeq@springer.com,Female,15.154.164.7
532,Harv,Delieu,hdelieuer@photobucket.com,Male,116.108.25.6
533,Eryn,O'Growgane,eogrowganees@skyrock.com,Bigender,188.73.43.102
534,Ernestine,Stanbra,estanbraet@usgs.gov,Bigender,141.169.34.243
535,Bibbie,Jansen,bjanseneu@prnewswire.com,Male,237.126.53.101
536,Auberon,Magnay,amagnayev@google.com.au,Male,112.54.248.94
537,Silvano,Gemlett,sgemlettew@github.com,Genderfluid,11.122.81.192
538,Donn,Vigurs,dvigursex@shinystat.com,Genderfluid,87.113.27.149
539,Sascha,Reinisch,sreinischey@weather.com,Genderfluid,182.10.73.171
540,Jodie,Colebourn,jcolebournez@amazon.de,Agender,75.238.187.68
541,Hermine,Nazer,hnazerf0@4shared.com,Genderfluid,235.5.110.122
542,Goldy,Peracco,gperaccof1@dion.ne.jp,Non-binary,189.90.238.213
543,Mechelle,Clearley,mclearleyf2@walmart.com,Bigender,70.48.235.180
544,Denny,Eaves,deavesf3@google.com.hk,Genderfluid,198.99.65.129
545,Salome,Sumner,ssumnerf4@cbc.ca,Bigender,252.62.251.38
546,Clem,McGeechan,cmcgeechanf5@yelp.com,Bigender,236.9.28.251
547,Camellia,Linwood,clinwoodf6@imageshack.us,Genderqueer,126.201.128.223
548,Matilde,Rodolico,mrodolicof7@t.co,Bigender,51.88.52.38
549,Karyn,Toby,ktobyf8@ted.com,Non-binary,59.165.1.105
550,Amberly,Ebbett,aebbettf9@wp.com,Agender,64.53.156.7
551,Harcourt,Playfair,hplayfairfa@forbes.com,Polygender,8.84.113.58
552,Hildegarde,Altofts,haltoftsfb@salon.com,Agender,231.253.227.143
553,Chaim,Fairham,cfairhamfc@furl.net,Polygender,130.14.174.106
554,Red,Harryman,rharrymanfd@army.mil,Polygender,167.137.40.66
555,Gray,Talkington,gtalkingtonfe@wisc.edu,Genderqueer,185.159.253.90
556,Gene,de Wilde,gdewildeff@webs.com,Genderfluid,165.35.33.223
557,Rollin,Humbie,rhumbiefg@cargocollective.com,Genderqueer,194.249.240.172
558,Chevy,Madgewick,cmadgewickfh@hibu.com,Agender,240.142.214.248
559,Marquita,Walczak,mwalczakfi@bbb.org,Male,252.93.56.194
560,Alexina,Abercrombie,aabercrombiefj@slate.com,Genderqueer,251.188.171.219
561,Sergio,Battersby,sbattersbyfk@columbia.edu,Agender,62.120.248.213
562,Shurlocke,Basilotta,sbasilottafl@discovery.com,Male,169.175.18.98
563,Ari,Bocke,abockefm@house.gov,Genderqueer,87.59.106.228
564,Piper,Shemmans,pshemmansfn@google.com.au,Agender,207.229.232.45
565,Mahmoud,Burdus,mburdusfo@cyberchimps.com,Female,202.189.230.162
566,Burnaby,Belliveau,bbelliveaufp@paypal.com,Male,133.95.89.115
567,Sean,Tombs,stombsfq@japanpost.jp,Polygender,110.63.40.34
568,Forester,Blazej,fblazejfr@networksolutions.com,Agender,185.59.167.48
569,Reynard,Sumner,rsumnerfs@ycombinator.com,Genderfluid,96.96.231.204
570,Hedvige,Labbez,hlabbezft@unicef.org,Agender,226.207.49.214
571,Mathilde,Antoniat,mantoniatfu@google.ru,Male,116.59.46.28
572,Kendre,Webby,kwebbyfv@eventbrite.com,Non-binary,242.68.240.94
573,Cassondra,Peirazzi,cpeirazzifw@oakley.com,Genderqueer,86.128.129.65
574,Alberik,Endricci,aendriccifx@umich.edu,Polygender,65.191.15.58
575,Hannis,Colquitt,hcolquittfy@purevolume.com,Female,232.208.233.149
576,Fania,Willes,fwillesfz@meetup.com,Female,220.48.77.92
577,Norbie,McCane,nmccaneg0@wix.com,Bigender,186.87.201.126
578,Northrup,Gunther,nguntherg1@narod.ru,Genderqueer,202.231.76.42
579,Darleen,Holcroft,dholcroftg2@reference.com,Female,245.162.226.208
580,Dare,Gwynn,dgwynng3@tmall.com,Non-binary,232.186.182.33
581,Agustin,Strothers,astrothersg4@so-net.ne.jp,Bigender,92.227.137.192
582,Ardra,Blazej,ablazejg5@xinhuanet.com,Bigender,254.217.205.206
583,Sibyl,Matkin,smatking6@msu.edu,Genderqueer,152.2.241.84
584,Adara,Muggleton,amuggletong7@w3.org,Genderfluid,204.178.126.183
585,Miguel,Canti,mcantig8@tiny.cc,Genderqueer,29.233.116.12
586,Valentino,Hattam,vhattamg9@is.gd,Bigender,250.198.66.196
587,Ned,Harkes,nharkesga@narod.ru,Female,252.51.156.103
588,Malia,O'Connell,moconnellgb@gmpg.org,Polygender,239.200.149.60
589,Anna-maria,Gout,agoutgc@who.int,Bigender,127.157.60.97
590,Jacob,Davidzon,jdavidzongd@wikipedia.org,Non-binary,219.177.65.115
591,Lucius,Jancey,ljanceyge@chronoengine.com,Genderqueer,99.203.201.192
592,Devina,Whatmough,dwhatmoughgf@miibeian.gov.cn,Genderfluid,0.192.67.170
593,Franchot,Macklam,fmacklamgg@geocities.jp,Female,21.63.248.24
594,Regan,Sandbrook,rsandbrookgh@twitter.com,Polygender,50.100.7.106
595,Purcell,Mumford,pmumfordgi@istockphoto.com,Agender,146.206.144.138
596,Wynn,Mosley,wmosleygj@wiley.com,Genderfluid,143.65.35.6
597,Christel,Almak,calmakgk@unicef.org,Genderqueer,147.240.112.145
598,Eddy,Clementel,eclementelgl@github.com,Male,92.16.6.73
599,Brietta,Tommei,btommeigm@nih.gov,Non-binary,118.143.88.71
600,Mandi,Milmo,mmilmogn@scribd.com,Agender,234.49.240.7
601,Valentine,World,vworldgo@narod.ru,Polygender,27.188.23.155
602,Adoree,Symon,asymongp@senate.gov,Female,82.159.20.254
603,Abby,Miles,amilesgq@mlb.com,Male,147.139.174.16
604,Bill,Huggin,bhuggingr@sohu.com,Non-binary,85.122.171.117
605,Bianca,Preece,bpreecegs@apache.org,Polygender,169.164.161.110
606,Cinderella,Fareweather,cfareweathergt@macromedia.com,Bigender,25.224.65.5
607,Renell,Bending,rbendinggu@wikimedia.org,Bigender,104.126.149.208
608,Jere,Mewton,jmewtongv@cpanel.net,Female,87.159.42.185
609,Cass,Allbrook,callbrookgw@a8.net,Genderfluid,220.192.107.31
610,Evan,Scholefield,escholefieldgx@cargocollective.com,Polygender,21.251.9.95
611,Sergei,Bubb,sbubbgy@fema.gov,Genderqueer,174.220.91.26
612,Friederike,Gutridge,fgutridgegz@bbb.org,Non-binary,63.46.22.113
613,Welsh,Larman,wlarmanh0@liveinternet.ru,Bigender,209.201.147.124
614,Bearnard,McSparran,bmcsparranh1@themeforest.net,Genderqueer,84.251.117.155
615,Budd,Bolzen,bbolzenh2@seesaa.net,Bigender,218.70.9.34
616,Patric,Lilian,plilianh3@freewebs.com,Non-binary,81.20.170.47
617,Fancy,Williamson,fwilliamsonh4@about.com,Male,71.72.247.238
618,Alaine,Golston,agolstonh5@live.com,Genderqueer,111.243.194.2
619,Teresina,Newvill,tnewvillh6@house.gov,Genderfluid,57.97.14.98
620,Branden,Goodinson,bgoodinsonh7@bandcamp.com,Agender,203.97.144.76
621,Gilbertina,Tabert,gtaberth8@bandcamp.com,Agender,115.248.207.185
622,Brad,Mansour,bmansourh9@bbb.org,Bigender,4.115.105.76
623,Wat,Iles,wilesha@google.com.hk,Non-binary,43.73.255.236
624,George,Laurens,glaurenshb@myspace.com,Polygender,158.233.124.62
625,Carie,Dmitrichenko,cdmitrichenkohc@xing.com,Female,71.55.45.97
626,Mirabella,Decker,mdeckerhd@ow.ly,Agender,68.161.245.241
627,Timmie,Carine,tcarinehe@ameblo.jp,Female,76.242.151.9
628,Melina,Keays,mkeayshf@furl.net,Female,203.49.12.74
629,Jesselyn,Wallach,jwallachhg@twitpic.com,Non-binary,140.20.255.62
630,Fred,Ibbott,fibbotthh@fastcompany.com,Agender,88.217.201.58
631,Elsie,Lopes,elopeshi@livejournal.com,Polygender,155.113.136.116
632,Simmonds,Braisher,sbraisherhj@mayoclinic.com,Male,137.155.3.119
633,Bren,Holbie,bholbiehk@so-net.ne.jp,Male,113.237.132.196
634,Fraser,Oxshott,foxshotthl@baidu.com,Polygender,97.255.247.129
635,Tristan,MacKaile,tmackailehm@soup.io,Genderqueer,51.244.120.161
636,Jude,Stuchbury,jstuchburyhn@cdbaby.com,Bigender,164.28.142.244
637,Harlen,Westnedge,hwestnedgeho@sitemeter.com,Non-binary,117.186.192.49
638,Frasier,Maudsley,fmaudsleyhp@sakura.ne.jp,Male,249.245.200.92
639,Nigel,Sillett,nsilletthq@slashdot.org,Genderqueer,229.67.154.230
640,Odelle,Foreman,oforemanhr@go.com,Male,216.155.22.82
641,Buddie,Shmyr,bshmyrhs@homestead.com,Male,28.38.107.84
642,Jacobo,MacRirie,jmacririeht@yandex.ru,Bigender,153.106.41.241
643,Eziechiele,Casella,ecasellahu@japanpost.jp,Genderfluid,131.150.211.166
644,Francene,Whate,fwhatehv@tumblr.com,Genderfluid,29.86.69.187
645,Cordi,Fulmen,cfulmenhw@booking.com,Female,151.141.192.93
646,Florentia,Pedley,fpedleyhx@tinyurl.com,Genderfluid,107.207.49.105
647,Drud,Purslow,dpurslowhy@omniture.com,Male,76.243.72.228
648,Burl,Pressdee,bpressdeehz@paginegialle.it,Genderfluid,200.117.159.198
649,Brena,Farris,bfarrisi0@bigcartel.com,Genderfluid,121.110.38.245
650,Nev,Greensall,ngreensalli1@yale.edu,Male,224.146.88.109
651,Meg,Wozencroft,mwozencrofti2@bravesites.com,Genderqueer,58.127.155.110
652,Niles,Kloska,nkloskai3@mayoclinic.com,Bigender,0.240.244.102
653,Emilio,Daveley,edaveleyi4@harvard.edu,Agender,64.128.130.12
654,Norma,Pettecrew,npettecrewi5@livejournal.com,Male,131.144.158.244
655,Celisse,Morley,cmorleyi6@instagram.com,Male,103.135.1.18
656,Iris,Maidlow,imaidlowi7@samsung.com,Agender,133.184.190.129
657,Zaria,Bettis,zbettisi8@nifty.com,Non-binary,165.165.219.40
658,Fredric,O'Brogan,fobrogani9@unicef.org,Genderfluid,231.202.244.11
659,Tabby,Wildor,twildoria@google.com.br,Genderqueer,198.23.66.41
660,Vincent,Pope,vpopeib@wikimedia.org,Bigender,154.251.17.188
661,Hadlee,Jorat,hjoratic@flavors.me,Agender,209.217.213.20
662,Britt,Gaddas,bgaddasid@ning.com,Non-binary,207.124.79.237
663,Clemens,Macenzy,cmacenzyie@w3.org,Male,74.82.29.135
664,Errick,Howlings,ehowlingsif@google.cn,Non-binary,206.128.57.99
665,Sam,Kirwan,skirwanig@cam.ac.uk,Bigender,192.118.8.218
666,Nolie,Fawthrop,nfawthropih@friendfeed.com,Genderfluid,66.133.139.244
667,Hershel,Quartermaine,hquartermaineii@godaddy.com,Male,47.161.148.220
668,Jeffry,Ducarel,jducarelij@cbslocal.com,Genderfluid,28.74.141.112
669,Winny,McFadzean,wmcfadzeanik@twitpic.com,Male,144.120.170.14
670,Wendell,Rollins,wrollinsil@yahoo.co.jp,Agender,101.95.180.243
671,Frederich,Boner,fbonerim@dyndns.org,Genderfluid,255.113.239.18
672,Sybille,Baildon,sbaildonin@nyu.edu,Male,155.214.49.34
673,Willy,Ellcome,wellcomeio@tuttocitta.it,Female,138.196.95.60
674,Kaycee,Tait,ktaitip@themeforest.net,Genderqueer,230.43.39.97
675,Mattie,Leale,mlealeiq@eepurl.com,Polygender,157.213.77.62
676,Marla,Umpleby,mumplebyir@apache.org,Male,129.243.208.31
677,Blancha,Ropert,bropertis@moonfruit.com,Polygender,197.135.92.250
678,Magdalene,Lucy,mlucyit@va.gov,Non-binary,241.111.104.210
679,Sophi,Darbyshire,sdarbyshireiu@jimdo.com,Bigender,77.102.36.2
680,Merv,Leigh,mleighiv@washingtonpost.com,Male,54.48.8.147
681,Farah,Mableson,fmablesoniw@simplemachines.org,Agender,2.151.29.224
682,Reuben,Meale,rmealeix@zdnet.com,Male,241.131.239.130
683,Miguela,Breinlein,mbreinleiniy@clickbank.net,Genderqueer,213.162.229.0
684,Dallas,Lugsdin,dlugsdiniz@umich.edu,Genderqueer,100.216.36.75
685,Allsun,Salvadori,asalvadorij0@usatoday.com,Agender,74.120.52.77
686,Barton,Banton,bbantonj1@baidu.com,Non-binary,170.179.70.140
687,Allyn,Chevers,acheversj2@google.nl,Genderqueer,131.166.172.224
688,Judas,Hurworth,jhurworthj3@opensource.org,Genderqueer,33.173.92.0
689,Libbi,Amoss,lamossj4@about.me,Male,206.222.134.3
690,Randy,Topping,rtoppingj5@nature.com,Non-binary,251.33.33.42
691,Hakeem,Maas,hmaasj6@devhub.com,Agender,18.78.48.243
692,Aldo,Tanzer,atanzerj7@scribd.com,Bigender,249.133.88.34
693,Dorella,Schafer,dschaferj8@t.co,Male,164.230.235.21
694,Thurstan,Folk,tfolkj9@shareasale.com,Bigender,155.190.189.217
695,Deedee,Kernar,dkernarja@cdbaby.com,Non-binary,238.80.66.90
696,Baxter,Robottham,brobotthamjb@google.com,Genderqueer,144.136.135.255
697,Krystyna,Rathbone,krathbonejc@github.com,Non-binary,157.240.25.219
698,Amory,Jann,ajannjd@gnu.org,Bigender,181.19.27.165
699,Wit,Dobel,wdobelje@moonfruit.com,Male,81.206.186.61
700,Ronnie,Gautrey,rgautreyjf@deliciousdays.com,Genderfluid,98.117.65.22
701,Thomas,Pascho,tpaschojg@cloudflare.com,Non-binary,0.225.151.125
702,Tracy,Fayne,tfaynejh@shareasale.com,Genderfluid,144.31.216.91
703,Annaliese,Forsyde,aforsydeji@friendfeed.com,Non-binary,12.225.129.225
704,Neysa,Coupe,ncoupejj@salon.com,Male,205.124.166.35
705,April,Maskall,amaskalljk@intel.com,Genderqueer,114.177.54.40
706,Anjanette,Wallworth,awallworthjl@cbslocal.com,Female,151.105.124.218
707,Hashim,Isaaksohn,hisaaksohnjm@nationalgeographic.com,Bigender,173.164.118.71
708,Anson,Slimme,aslimmejn@google.it,Non-binary,207.215.212.126
709,Quintilla,Howselee,qhowseleejo@prlog.org,Non-binary,73.175.56.71
710,Marin,Rowswell,mrowswelljp@smugmug.com,Genderqueer,237.141.51.246
711,Flint,Duckitt,fduckittjq@google.nl,Non-binary,214.216.30.221
712,Gaspar,Pitcaithley,gpitcaithleyjr@pinterest.com,Female,43.234.240.78
713,Cherice,Cail,ccailjs@google.pl,Bigender,140.132.195.90
714,Lil,Simenot,lsimenotjt@nifty.com,Female,133.166.181.164
715,Carlene,Pennick,cpennickju@japanpost.jp,Non-binary,158.118.241.130
716,Solomon,Janik,sjanikjv@accuweather.com,Bigender,116.139.90.107
717,Jedidiah,Tyght,jtyghtjw@purevolume.com,Polygender,175.212.66.208
718,Daveen,Mounsey,dmounseyjx@sciencedaily.com,Agender,194.151.120.156
719,Miof mela,Bool,mbooljy@ning.com,Agender,97.73.88.131
720,Muffin,Backshall,mbackshalljz@mtv.com,Bigender,81.55.94.93
721,Wyndham,O'Codihie,wocodihiek0@ustream.tv,Male,27.10.163.9
722,Briny,Mabbs,bmabbsk1@bbc.co.uk,Agender,159.25.29.16
723,Lincoln,Viste,lvistek2@webs.com,Bigender,203.83.61.117
724,Gill,Keynd,gkeyndk3@4shared.com,Male,43.94.108.221
725,Elie,Ridgley,eridgleyk4@noaa.gov,Agender,121.196.17.235
726,Conchita,Piens,cpiensk5@pbs.org,Bigender,245.102.233.197
727,Ferdinanda,Scotson,fscotsonk6@marriott.com,Polygender,196.130.154.247
728,Tracy,Swadon,tswadonk7@yellowbook.com,Agender,252.19.241.226
729,Danielle,Petyakov,dpetyakovk8@ucoz.com,Non-binary,173.30.234.116
730,Haily,Sappell,hsappellk9@wikia.com,Bigender,161.44.164.189
731,Jaynell,Foan,jfoanka@uiuc.edu,Male,99.104.55.39
732,Blinni,Reef,breefkb@wunderground.com,Agender,229.240.22.43
733,Lilla,Burdis,lburdiskc@networkadvertising.org,Genderfluid,8.81.188.133
734,Kaylyn,Bushen,kbushenkd@nyu.edu,Genderfluid,96.119.137.54
735,Fields,Bewly,fbewlyke@noaa.gov,Genderqueer,253.41.151.132
736,Juliana,Pim,jpimkf@shareasale.com,Non-binary,191.234.99.164
737,Rowe,Ventam,rventamkg@eventbrite.com,Genderqueer,114.160.110.238
738,Garvey,Medd,gmeddkh@ocn.ne.jp,Non-binary,186.126.234.151
739,Rodrigo,Ruos,rruoski@networksolutions.com,Bigender,1.150.249.195
740,Tiffie,Izat,tizatkj@4shared.com,Agender,128.138.225.106
741,Rhodie,Westgate,rwestgatekk@howstuffworks.com,Female,209.225.31.245
742,Alexis,Orrice,aorricekl@redcross.org,Non-binary,107.179.242.53
743,Krishnah,Drewitt,kdrewittkm@altervista.org,Polygender,225.176.209.205
744,Portia,Sharply,psharplykn@vimeo.com,Genderqueer,244.61.132.162
745,Bartlett,Tregoning,btregoningko@ed.gov,Female,71.153.62.108
746,Emmalyn,Cargen,ecargenkp@who.int,Female,87.106.23.56
747,Carlee,Adamczyk,cadamczykkq@bing.com,Genderqueer,138.30.172.104
748,Milzie,McGillreich,mmcgillreichkr@rambler.ru,Genderqueer,10.5.58.150
749,Audra,Moreing,amoreingks@booking.com,Non-binary,129.93.249.251
750,Kingsly,McNair,kmcnairkt@netlog.com,Genderfluid,241.58.36.213
751,Elinor,Rosewell,erosewellku@npr.org,Genderqueer,240.232.213.138
752,Chandal,Soall,csoallkv@prlog.org,Polygender,43.93.248.73
753,Burnard,Ramage,bramagekw@odnoklassniki.ru,Male,215.252.107.168
754,Dell,Martignon,dmartignonkx@squidoo.com,Agender,149.96.187.85
755,Eba,Clendening,eclendeningky@elegantthemes.com,Genderqueer,52.237.87.20
756,Rubina,Muspratt,rmusprattkz@dmoz.org,Bigender,197.14.133.202
757,Araldo,Ottiwill,aottiwilll0@apple.com,Male,144.131.0.10
758,Gracie,Dickings,gdickingsl1@com.com,Female,17.88.101.16
759,Erminia,Kerley,ekerleyl2@mapquest.com,Bigender,123.218.51.185
760,Bibbie,Chatenier,bchatenierl3@skyrock.com,Genderfluid,28.77.85.4
761,Debora,McGurgan,dmcgurganl4@tripadvisor.com,Genderqueer,66.4.176.254
762,Callean,Roofe,croofel5@netvibes.com,Non-binary,91.174.248.117
763,Krystyna,Pietzke,kpietzkel6@sakura.ne.jp,Genderqueer,192.162.185.100
764,Carlos,Barras,cbarrasl7@naver.com,Female,7.154.183.67
765,Leonard,Grewe,lgrewel8@earthlink.net,Polygender,122.252.181.227
766,Mil,Gillicuddy,mgillicuddyl9@bigcartel.com,Genderqueer,122.100.89.168
767,Lin,Gosse,lgossela@ibm.com,Agender,183.255.182.10
768,Shurlock,Eiler,seilerlb@alibaba.com,Polygender,38.37.56.108
769,Lizzie,Stichel,lstichellc@toplist.cz,Polygender,58.231.69.123
770,Moss,Clinnick,mclinnickld@ifeng.com,Male,29.161.249.58
771,Hetty,Conroy,hconroyle@deviantart.com,Polygender,187.210.78.155
772,Stefano,Whisby,swhisbylf@sciencedaily.com,Genderqueer,234.189.148.54
773,Zoe,Parmer,zparmerlg@forbes.com,Male,61.67.196.175
774,Bil,Esherwood,besherwoodlh@cdc.gov,Male,171.12.232.209
775,Sanders,Iddison,siddisonli@microsoft.com,Non-binary,99.253.144.75
776,Christoper,Ternouth,cternouthlj@dailymail.co.uk,Non-binary,128.29.170.62
777,Hasheem,Almey,halmeylk@163.com,Agender,152.58.97.233
778,Rafaello,Bettlestone,rbettlestonell@mozilla.org,Bigender,167.170.28.207
779,Glendon,Pepineaux,gpepineauxlm@list-manage.com,Male,176.103.5.90
780,Catharine,Onraet,conraetln@addthis.com,Non-binary,56.66.163.67
781,Winifield,Harriot,wharriotlo@nih.gov,Polygender,216.240.63.150
782,Franklin,Kid,fkidlp@icio.us,Polygender,144.204.96.128
783,Rafaelita,Bloomfield,rbloomfieldlq@state.gov,Genderqueer,205.72.5.184
784,Mikaela,Dearle-Palser,mdearlepalserlr@msu.edu,Agender,160.87.223.111
785,Lolly,Ricardin,lricardinls@goo.gl,Non-binary,91.76.236.33
786,Fee,Jarad,fjaradlt@bizjournals.com,Genderfluid,180.85.59.71
787,Latrina,Jennrich,ljennrichlu@buzzfeed.com,Agender,163.65.27.59
788,Elfrida,Giabuzzi,egiabuzzilv@ed.gov,Bigender,1.13.70.199
789,Ardith,Yankov,ayankovlw@netscape.com,Male,66.181.172.3
790,Linda,Earwaker,learwakerlx@cnet.com,Non-binary,51.17.142.202
791,Rebeka,Rama,rramaly@comcast.net,Female,207.151.69.189
792,Bridgette,Hollyer,bhollyerlz@scientificamerican.com,Female,213.61.169.13
793,Allen,Oates,aoatesm0@moonfruit.com,Non-binary,126.31.114.114
794,Rozella,Behn,rbehnm1@usatoday.com,Genderfluid,193.228.115.129
795,Terence,Touzey,ttouzeym2@eventbrite.com,Genderqueer,24.149.127.75
796,Belvia,Hannigane,bhanniganem3@scribd.com,Non-binary,213.197.152.90
797,Jeremias,Wanless,jwanlessm4@deviantart.com,Female,252.77.92.227
798,Nobe,Congram,ncongramm5@vimeo.com,Genderqueer,104.157.65.54
799,Deva,Ling,dlingm6@ucoz.ru,Polygender,52.231.196.185
800,Boone,Kneeshaw,bkneeshawm7@umn.edu,Male,49.248.173.248
801,Edgar,Vasquez,evasquezm8@gmpg.org,Agender,38.28.67.89
802,Quent,Morales,qmoralesm9@bizjournals.com,Polygender,204.138.171.68
803,Abram,Perceval,apercevalma@1688.com,Bigender,81.251.134.74
804,Findley,Farey,ffareymb@vinaora.com,Genderqueer,118.50.250.41
805,Bryan,Nesbeth,bnesbethmc@mapquest.com,Agender,240.79.168.87
806,Kaela,Steer,ksteermd@va.gov,Polygender,142.23.110.81
807,Kristo,Loughlan,kloughlanme@amazon.com,Male,148.90.39.147
808,Decca,Enevoldsen,denevoldsenmf@yellowpages.com,Female,146.71.222.122
809,Chastity,Maestrini,cmaestrinimg@cmu.edu,Bigender,142.20.122.243
810,Knox,Olliver,kollivermh@photobucket.com,Female,122.199.103.121
811,Lani,Ades,ladesmi@about.com,Agender,19.239.6.221
812,Hyacinthe,Jentet,hjentetmj@yolasite.com,Bigender,47.97.12.97
813,Elsbeth,Leathlay,eleathlaymk@disqus.com,Agender,215.147.173.12
814,Gael,Mendez,gmendezml@bloglovin.com,Female,47.156.236.12
815,Ronald,Postin,rpostinmm@pagesperso-orange.fr,Male,232.228.13.50
816,Elspeth,Videneev,evideneevmn@wired.com,Polygender,233.40.154.68
817,Tawnya,Lettson,tlettsonmo@indiegogo.com,Agender,155.216.68.220
818,Selma,Budnk,sbudnkmp@hud.gov,Agender,45.133.229.135
819,Darrin,Patey,dpateymq@hp.com,Non-binary,99.92.249.54
820,Morty,Boarder,mboardermr@multiply.com,Polygender,99.170.23.237
821,Bart,Brookson,bbrooksonms@chronoengine.com,Bigender,113.86.19.195
822,Fan,Ravenshaw,fravenshawmt@blinklist.com,Polygender,124.218.48.67
823,Jermain,Kettell,jkettellmu@istockphoto.com,Female,130.143.252.197
824,Ferne,Brimham,fbrimhammv@nbcnews.com,Non-binary,131.252.14.248
825,Guy,Bauer,gbauermw@chicagotribune.com,Male,115.189.249.19
826,Nikkie,Lingwood,nlingwoodmx@latimes.com,Agender,250.68.222.121
827,Raimondo,Soppit,rsoppitmy@dagondesign.com,Female,179.59.0.60
828,Gaven,Batrick,gbatrickmz@flavors.me,Male,62.249.201.111
829,Jamie,Gilson,jgilsonn0@foxnews.com,Genderfluid,43.194.241.116
830,Bernice,Normant,bnormantn1@nifty.com,Bigender,0.45.141.138
831,Jaime,Greatreax,jgreatreaxn2@princeton.edu,Agender,74.10.130.219
832,Charmane,Robotham,crobothamn3@nyu.edu,Genderfluid,123.100.214.20
833,Cori,Meah,cmeahn4@washington.edu,Polygender,248.228.90.85
834,Arnoldo,Dingwall,adingwalln5@nps.gov,Non-binary,103.163.162.143
835,Vida,Beart,vbeartn6@usa.gov,Non-binary,80.126.192.144
836,Pierette,Castells,pcastellsn7@taobao.com,Polygender,221.129.179.185
837,Federico,Coughlin,fcoughlinn8@google.com.au,Non-binary,228.172.254.242
838,Lorie,Islep,lislepn9@qq.com,Genderqueer,215.18.210.213
839,Maren,Ghelerdini,mghelerdinina@angelfire.com,Agender,88.7.168.226
840,Griffin,Foster-Smith,gfostersmithnb@twitpic.com,Genderqueer,39.214.134.6
841,Cathy,Langhor,clanghornc@ihg.com,Male,81.245.129.82
842,Sly,Bremeyer,sbremeyernd@digg.com,Non-binary,158.115.242.203
843,Worden,Baskerville,wbaskervillene@wired.com,Non-binary,156.17.206.152
844,Ailsun,Bouts,aboutsnf@t.co,Bigender,117.175.231.156
845,Kyle,Casillas,kcasillasng@youku.com,Genderfluid,153.247.168.172
846,Honor,Syrad,hsyradnh@cpanel.net,Genderqueer,46.79.68.175
847,Cam,Maty,cmatyni@dailymotion.com,Polygender,145.52.66.74
848,Carie,Bothe,cbothenj@rambler.ru,Male,178.161.253.234
849,Lowe,Cassley,lcassleynk@fc2.com,Male,89.58.60.153
850,Paddy,Sayre,psayrenl@ning.com,Agender,34.216.243.177
851,Issi,Robecon,irobeconnm@acquirethisname.com,Agender,9.131.152.69
852,Carine,Waddingham,cwaddinghamnn@toplist.cz,Male,40.34.113.154
853,Paula,Bonnick,pbonnickno@auda.org.au,Non-binary,227.91.207.71
854,Carney,Parnall,cparnallnp@nydailynews.com,Female,55.131.91.141
855,Evyn,Wasson,ewassonnq@chronoengine.com,Genderfluid,250.152.195.191
856,Lenette,Hamel,lhamelnr@craigslist.org,Genderfluid,68.254.134.64
857,Solomon,Prujean,sprujeanns@accuweather.com,Polygender,215.226.90.228
858,Lind,Fetters,lfettersnt@squarespace.com,Polygender,215.59.27.142
859,Sosanna,Dally,sdallynu@livejournal.com,Female,73.8.49.159
860,Christiane,Paolillo,cpaolillonv@cafepress.com,Polygender,193.134.209.3
861,Oona,Showers,oshowersnw@bigcartel.com,Polygender,57.239.151.87
862,Derrick,Dover,ddovernx@wsj.com,Genderqueer,160.162.129.8
863,Glory,Eaklee,geakleeny@nba.com,Female,72.223.26.170
864,Sunny,Garrelts,sgarreltsnz@ehow.com,Male,70.134.249.131
865,Graeme,Lemme,glemmeo0@sitemeter.com,Genderfluid,98.53.21.38
866,Shanon,Jeacop,sjeacopo1@artisteer.com,Agender,161.179.187.147
867,Toni,Brewins,tbrewinso2@yolasite.com,Genderfluid,45.121.216.170
868,Lowrance,Kneller,lknellero3@skype.com,Agender,220.9.80.92
869,Nonah,Gobeau,ngobeauo4@dmoz.org,Agender,241.54.183.200
870,Koressa,Lorand,klorando5@washingtonpost.com,Agender,87.78.215.152
871,Cassandre,Stredder,cstreddero6@aol.com,Female,209.214.217.210
872,Joelie,Doog,jdoogo7@wordpress.com,Female,173.232.100.89
873,Barbabas,Critch,bcritcho8@seattletimes.com,Agender,234.59.150.146
874,Shelbi,Windeatt,swindeatto9@umn.edu,Female,107.103.232.115
875,Cherice,Ambrodi,cambrodioa@unesco.org,Non-binary,168.199.54.46
876,Oona,Iacomo,oiacomoob@auda.org.au,Bigender,68.248.35.173
877,Jeanna,Meadway,jmeadwayoc@gizmodo.com,Genderqueer,78.0.127.144
878,Colene,Flemmich,cflemmichod@digg.com,Polygender,175.35.148.199
879,Dorise,Heikkinen,dheikkinenoe@ox.ac.uk,Genderfluid,194.97.41.119
880,Ophelia,Tiner,otinerof@surveymonkey.com,Non-binary,105.249.62.223
881,Zackariah,Trowbridge,ztrowbridgeog@histats.com,Genderqueer,164.115.241.39
882,Ulric,Jaspar,ujasparoh@intel.com,Female,88.36.137.17
883,Emlyn,Wase,ewaseoi@webs.com,Male,73.145.61.92
884,Brandyn,Waddilow,bwaddilowoj@nba.com,Genderqueer,119.108.115.94
885,Giovanna,Sima,gsimaok@independent.co.uk,Non-binary,24.31.28.142
886,Mellisent,Radmore,mradmoreol@networkadvertising.org,Bigender,178.233.252.206
887,Zora,Lethley,zlethleyom@paginegialle.it,Genderfluid,180.219.221.71
888,Zachary,Kermott,zkermotton@msn.com,Non-binary,191.78.51.213
889,Elly,Friedank,efriedankoo@hexun.com,Genderqueer,120.230.146.167
890,Joey,Brougham,jbroughamop@nih.gov,Bigender,22.169.136.39
891,Woodie,Phalp,wphalpoq@oaic.gov.au,Agender,211.75.39.215
892,Jaquith,Hillen,jhillenor@microsoft.com,Polygender,108.97.249.45
893,Khalil,Chidlow,kchidlowos@google.com.br,Polygender,3.160.170.250
894,Herminia,Seekings,hseekingsot@youku.com,Agender,187.143.148.54
895,Dudley,Donisi,ddonisiou@nationalgeographic.com,Male,145.201.70.17
896,Boris,Gromley,bgromleyov@clickbank.net,Male,113.27.214.247
897,Franny,Mallaby,fmallabyow@unesco.org,Genderfluid,244.183.143.232
898,Meade,Crann,mcrannox@lycos.com,Polygender,248.232.104.179
899,Tann,Dupree,tdupreeoy@is.gd,Agender,248.231.73.4
900,Brandtr,Clemensen,bclemensenoz@tuttocitta.it,Agender,182.174.115.183
901,Krystal,Stacey,kstaceyp0@theguardian.com,Genderfluid,234.168.193.95
902,Pia,Barry,pbarryp1@mapquest.com,Female,246.216.243.85
903,Marve,Pearcy,mpearcyp2@cafepress.com,Female,89.46.244.211
904,Paola,Shelper,pshelperp3@apple.com,Genderqueer,50.124.143.217
905,Jonas,Fever,jfeverp4@ning.com,Polygender,124.58.69.204
906,Menard,Matts,mmattsp5@cnn.com,Non-binary,174.12.153.115
907,Maximilian,Kunert,mkunertp6@flavors.me,Bigender,79.207.127.3
908,Shell,Rudderham,srudderhamp7@liveinternet.ru,Genderfluid,82.69.101.186
909,Bibbye,O'Dennehy,bodennehyp8@ebay.co.uk,Male,106.147.52.17
910,Augustus,Milthorpe,amilthorpep9@opera.com,Male,234.26.36.216
911,Eliza,Stickels,estickelspa@smugmug.com,Male,185.195.122.65
912,Glenna,Stoffer,gstofferpb@netvibes.com,Non-binary,82.10.229.171
913,Hugh,Pinor,hpinorpc@webs.com,Genderqueer,51.247.62.110
914,Trenton,Benn,tbennpd@howstuffworks.com,Genderfluid,23.249.216.12
915,Angelo,Lackie,alackiepe@google.com.hk,Non-binary,173.17.16.69
916,Rodger,Robbeke,rrobbekepf@blogger.com,Female,81.44.146.23
917,Bobby,Gley,bgleypg@163.com,Bigender,254.155.37.97
918,Bambie,Gores,bgoresph@github.io,Genderqueer,29.93.162.218
919,Bria,Nattrass,bnattrasspi@washingtonpost.com,Genderqueer,116.209.77.232
920,Lazar,Lenglet,llengletpj@tumblr.com,Genderqueer,114.248.238.32
921,Oren,Waghorne,owaghornepk@dropbox.com,Polygender,189.206.219.121
922,Kayley,Sheehan,ksheehanpl@amazon.co.jp,Male,19.81.221.93
923,Trudey,Arden,tardenpm@g.co,Bigender,52.111.220.212
924,Ber,Duckit,bduckitpn@cisco.com,Agender,4.28.145.23
925,Nelson,Thaim,nthaimpo@miibeian.gov.cn,Genderqueer,140.21.255.70
926,Kip,Coats,kcoatspp@senate.gov,Genderfluid,25.71.108.11
927,Trevor,Murford,tmurfordpq@mediafire.com,Polygender,164.157.76.29
928,Frayda,Kiely,fkielypr@qq.com,Agender,221.188.1.78
929,Goldarina,Solano,gsolanops@oakley.com,Male,35.250.89.248
930,Steffi,Klaas,sklaaspt@imgur.com,Genderfluid,7.153.96.177
931,Janel,Dunmore,jdunmorepu@ucla.edu,Non-binary,103.203.251.157
932,Ulla,Margaret,umargaretpv@goo.gl,Bigender,67.183.144.149
933,Farris,Hovard,fhovardpw@patch.com,Female,138.61.60.53
934,Cecilio,Southey,csoutheypx@ow.ly,Genderqueer,228.140.170.202
935,Joanna,Goricke,jgorickepy@linkedin.com,Genderqueer,205.19.159.227
936,Elwyn,Crichmere,ecrichmerepz@booking.com,Polygender,230.215.154.230
937,Willy,Tilliard,wtilliardq0@tamu.edu,Bigender,89.233.136.8
938,Tisha,Olander,tolanderq1@youtu.be,Genderqueer,111.65.51.216
939,Luisa,Strodder,lstrodderq2@bing.com,Agender,44.19.253.121
940,Alena,Emmanuel,aemmanuelq3@slideshare.net,Male,95.116.46.105
941,Sybilla,Winsbury,swinsburyq4@cdbaby.com,Female,38.93.255.162
942,Ajay,Mateus,amateusq5@bizjournals.com,Non-binary,212.198.192.141
943,Andy,Bayman,abaymanq6@flickr.com,Agender,212.102.23.20
944,Patin,Swanbourne,pswanbourneq7@twitter.com,Bigender,196.221.96.71
945,Minor,Calcut,mcalcutq8@hao123.com,Agender,110.253.60.67
946,Consuelo,Giroldi,cgiroldiq9@wikia.com,Polygender,142.182.165.197
947,Georgina,O'Cahill,gocahillqa@cam.ac.uk,Female,132.231.134.15
948,Meade,MacKill,mmackillqb@ucoz.com,Agender,82.246.196.59
949,Carolyn,O'Lennachain,colennachainqc@shareasale.com,Female,218.194.198.181
950,Gwen,Tennick,gtennickqd@miibeian.gov.cn,Female,80.231.160.254
951,Aurilia,Risdale,arisdaleqe@drupal.org,Female,178.6.122.44
952,Rebbecca,Dodd,rdoddqf@networksolutions.com,Agender,222.93.170.80
953,Neille,Calbaithe,ncalbaitheqg@hibu.com,Genderqueer,168.91.203.43
954,Claudio,Casarili,ccasariliqh@hp.com,Female,88.99.75.119
955,Amelita,Cheshire,acheshireqi@typepad.com,Female,136.53.182.54
956,Milo,Acland,maclandqj@ustream.tv,Genderfluid,152.239.64.181
957,Kaleena,Glendza,kglendzaqk@aol.com,Genderqueer,188.106.119.245
958,Lanni,Reichartz,lreichartzql@fc2.com,Female,243.66.183.175
959,Kerianne,Giacaponi,kgiacaponiqm@discuz.net,Male,40.143.32.162
960,Rolf,Crombie,rcrombieqn@multiply.com,Bigender,210.35.178.140
961,Earl,Jenny,ejennyqo@spiegel.de,Polygender,225.34.222.124
962,Shepard,Nielson,snielsonqp@disqus.com,Non-binary,79.93.79.1
963,Nickey,Pedley,npedleyqq@berkeley.edu,Polygender,121.139.112.164
964,Florri,Cullingworth,fcullingworthqr@npr.org,Female,170.150.99.19
965,Gabi,Ironside,gironsideqs@wired.com,Polygender,135.243.184.117
966,Gustie,Ibberson,gibbersonqt@bing.com,Bigender,42.27.213.148
967,Heath,Sliman,hslimanqu@dropbox.com,Non-binary,140.135.239.195
968,Dody,Tumulty,dtumultyqv@vinaora.com,Female,58.120.54.33
969,Alberik,Monahan,amonahanqw@ft.com,Bigender,25.49.196.215
970,Kayle,Bambrough,kbambroughqx@harvard.edu,Genderqueer,0.228.139.131
971,Algernon,Oddie,aoddieqy@flickr.com,Female,24.201.245.97
972,Ophelia,Bromwich,obromwichqz@ning.com,Bigender,20.14.23.162
973,Rollo,Weedenburg,rweedenburgr0@webs.com,Genderfluid,63.148.114.137
974,Karry,Shimony,kshimonyr1@yellowpages.com,Genderfluid,64.150.227.222
975,Elwyn,Kingcote,ekingcoter2@infoseek.co.jp,Bigender,218.151.164.167
976,Mella,Garrett,mgarrettr3@mapy.cz,Bigender,38.104.187.138
977,Park,Curston,pcurstonr4@surveymonkey.com,Female,213.190.68.255
978,Analise,Tarbard,atarbardr5@cbc.ca,Non-binary,133.113.33.21
979,Lilla,Pratley,lpratleyr6@shareasale.com,Agender,124.62.254.53
980,Tadd,Caves,tcavesr7@sphinn.com,Genderqueer,71.34.8.14
981,Kathe,Anear,kanearr8@oracle.com,Non-binary,242.210.112.144
982,Charlot,Juhruke,cjuhruker9@dion.ne.jp,Bigender,62.99.220.34
983,Rochella,Jenkinson,rjenkinsonra@msn.com,Genderfluid,123.148.214.131
984,Fayre,Macklin,fmacklinrb@ftc.gov,Genderqueer,127.187.43.172
985,Kelcy,Singers,ksingersrc@sfgate.com,Non-binary,210.91.82.214
986,Bernette,Cater,bcaterrd@google.com,Bigender,41.173.255.250
987,Ebenezer,Gladeche,egladechere@yahoo.com,Male,25.126.86.103
988,Rhody,Wong,rwongrf@answers.com,Polygender,158.106.30.152
989,Nanny,Jahnisch,njahnischrg@google.ru,Genderfluid,45.97.108.104
990,Richmound,Swyer,rswyerrh@blinklist.com,Bigender,133.148.176.214
991,Ellynn,Labb,elabbri@timesonline.co.uk,Genderqueer,37.132.118.112
992,Raychel,Leonarde,rleonarderj@oaic.gov.au,Non-binary,42.174.216.2
993,Montague,Baynes,mbaynesrk@nba.com,Agender,218.85.17.41
994,Brennan,Benedikt,bbenediktrl@tumblr.com,Bigender,220.56.3.241
995,Bellina,Coppard,bcoppardrm@indiegogo.com,Non-binary,203.189.136.72
996,Layla,Dillingstone,ldillingstonern@nsw.gov.au,Bigender,30.251.177.195
997,Pauline,Moulder,pmoulderro@youtube.com,Genderqueer,215.132.116.109
998,Beth,Thomesson,bthomessonrp@buzzfeed.com,Female,190.62.177.66
999,Neil,Sprules,nsprulesrq@nifty.com,Polygender,2.73.123.190
1000,Joycelin,Baylis,jbaylisrr@cyberchimps.com,Polygender,13.214.118.82
